id,nombre,edad
1,Halley,hbrunker0
2,Addy,ahughman1
3,Clemente,coutlaw2
4,Jess,jduncan3
5,Dov,djillard4
6,Conant,cmozzetti5
7,Xymenes,xriggs6
8,Cletus,cbartosik7
9,Hewie,hcluelow8
10,Prisca,palster9
11,Willi,wcosseya
12,Leia,lkimbleb
13,Barbey,bdelislec
14,Cherilyn,clomasnyd
15,Leoine,lkorejse
16,Nadeen,ncareyf
17,Dorri,dbrumhamg
18,Rodina,rconeronh
19,Karilynn,kkeyseri
20,Koenraad,kjoanj
21,Laurette,lpaolonik
22,Allsun,aelsterl
23,Flossi,fhallowsm
24,Bevon,bvonoertzenn
25,Ulrikaumeko,ukeymeo
26,Filmore,fmelburyp
27,Michal,mmonroq
28,Idaline,icappr
29,Kelly,kluckcucks
30,Barny,bwaudbyt
31,Randolph,rbyersu
32,Travers,tnockv
33,Shelley,sbillow
34,Alex,apearx
35,Gordon,giacoboniy
36,Armand,alearnedz
37,Dorris,dnann10
38,Veronique,vinnott11
39,Ros,rcraufurd12
40,Dominique,dleverentz13
41,Sherline,spashba14
42,Ajay,acrease15
43,Abbe,awoollhead16
44,Rik,rverson17
45,Marga,maiston18
46,Averil,arizzardo19
47,Aloise,avictoria1a
48,Jocelyn,jfauguel1b
49,Chanda,cjodrellec1c
50,Morganica,mdecaze1d
51,Legra,lspacy1e
52,Patric,pcollen1f
53,Bernadette,bcarcas1g
54,Chic,cwulfinger1h
55,Christiana,cbarriball1i
56,Martie,mmuselli1j
57,Roley,rsulley1k
58,Madella,mwillder1l
59,Indira,iburren1m
60,Field,fugoletti1n
61,Rawley,ritzhayek1o
62,Zachary,zschoales1p
63,Cyndy,chourican1q
64,Sharla,sgheeraert1r
65,Nerita,nsanbroke1s
66,Farlee,fmayoral1t
67,Sebastien,slowdwell1u
68,Omar,ogarard1v
69,Hadley,hhaggas1w
70,Marsiella,mloble1x
71,Billie,bpedel1y
72,Issi,istrettle1z
73,Basile,bgobat20
74,Benson,beade21
75,Del,dmalim22
76,Tilda,tbacken23
77,Thornie,tchampion24
78,Loren,lelliman25
79,Tracee,tfreckleton26
80,Beryle,bzoellner27
81,Nana,nhegarty28
82,Maddie,mcubberley29
83,Johannes,jgreneham2a
84,Barnard,bgaukrodge2b
85,Roshelle,rcarren2c
86,Clare,cheis2d
87,Ewan,enewns2e
88,Caresse,chopkynson2f
89,Audrey,abernardot2g
90,Diane-marie,dperring2h
91,Sal,skirvell2i
92,Alberto,ajacob2j
93,Rodie,rczaja2k
94,Jonie,jgillbard2l
95,Mickey,mglanert2m
96,Phoebe,pemmins2n
97,Cosette,cchastan2o
98,Eilis,emarikhin2p
99,Sandye,smccotter2q
100,Pascale,pbeckinsall2r
101,Evangeline,egylle2s
102,Sarena,sivankovic2t
103,Jarrett,jhayford2u
104,Hartley,hcoucher2v
105,Farlay,fhehir2w
106,Cristabel,cbutts2x
107,Westleigh,waxcell2y
108,Leonard,lbeinke2z
109,Gavin,grendell30
110,Raimondo,ranfossi31
111,Lenee,laugustine32
112,Enoch,ecuncarr33
113,Lainey,liremonger34
114,Carlye,cflinn35
115,Genevra,gcolumbell36
116,Kariotta,kfrankland37
117,Arman,alarrat38
118,Titos,tplayfoot39
119,Sanford,sguidotti3a
120,Ninnetta,nnibley3b
121,Jareb,jfenkel3c
122,Myrvyn,mlensch3d
123,Dorie,dschultz3e
124,Andriette,akave3f
125,Winfield,wtaveriner3g
126,Patten,ppaterno3h
127,Christi,cwalbridge3i
128,Chickie,cmatisse3j
129,Else,espearing3k
130,Bobbee,bvirgo3l
131,Georgette,glippiatt3m
132,Ignace,iwollers3n
133,Halette,hgrishmanov3o
134,Shurlocke,scapstake3p
135,Binky,bdoody3q
136,Budd,bovens3r
137,Rozella,rgiacopazzi3s
138,Ives,iterrington3t
139,Deborah,dcomley3u
140,Latashia,lroddam3v
141,Carlie,cgiddens3w
142,Nadine,nshave3x
143,Kate,ksuddock3y
144,Lorelei,ldobbison3z
145,Nelle,ndriffe40
146,Natalina,naslin41
147,Alika,agitting42
148,Gretchen,gpilkington43
149,Wyn,wcapstick44
150,Mahalia,mpiggins45
151,Cece,cpoznan46
152,Vern,vsawood47
153,Trudi,tarbuckel48
154,Taffy,tblackhall49
155,Osbourne,osuttle4a
156,Avictor,amaccathay4b
157,Cyndia,cdecoursey4c
158,Carmine,cbloxland4d
159,Jaye,jheed4e
160,Malva,mgoncaves4f
161,Rhett,rwethers4g
162,Marlin,mmattusevich4h
163,Nadya,nduggon4i
164,Ernest,efilimore4j
165,Corry,clinklet4k
166,Sigrid,sgossage4l
167,Arri,apoacher4m
168,Gerome,ggranville4n
169,Eadith,efarny4o
170,Elie,efransemai4p
171,Bald,bperrie4q
172,Cecilla,cmacgray4r
173,Chance,cwedderburn4s
174,Bethany,bmully4t
175,Maribel,mstorie4u
176,Hadley,hsealand4v
177,Elli,emansbridge4w
178,Elnore,erigeby4x
179,Lemmy,lskaid4y
180,Frants,fmctavish4z
181,Rhett,riorillo50
182,Rochester,rcuniffe51
183,Ursuline,ugabbatiss52
184,Jacinthe,jbowdery53
185,Heath,hwessing54
186,Alvinia,aspendley55
187,Gray,glockery56
188,Ophelia,omagarrell57
189,Lulu,lmeeks58
190,Claire,cgarey59
191,Yardley,ybessent5a
192,Carlyle,cfranciottoi5b
193,Veradis,vjoddins5c
194,Chrotoem,csparshett5d
195,Harrison,hjerdein5e
196,Esther,eswin5f
197,Ashlen,amccutcheon5g
198,Renae,rgilley5h
199,Blancha,btitchener5i
200,Susanna,sribbens5j
201,Sybyl,slaw5k
202,Jessamyn,jfilkin5l
203,Federica,fwrathmall5m
204,Libbie,lcasse5n
205,Maitilde,mscandrett5o
206,Reta,rgell5p
207,Annabelle,akleinert5q
208,Melisse,mdinnies5r
209,Lesley,lplacidi5s
210,Ken,kdambrosi5t
211,Wandie,wplumridege5u
212,Elisa,erentelll5v
213,Maible,mcharteris5w
214,Gal,gmcgee5x
215,Calida,ccoode5y
216,Clarette,cpetchey5z
217,Aubine,amccauley60
218,Ardisj,amyhan61
219,Stewart,smitford62
220,Erroll,ebrooker63
221,Solly,sreddin64
222,Ronna,rhabbon65
223,Terencio,tharmes66
224,Allianora,acasswell67
225,Benoite,bcottham68
226,Karola,kolunny69
227,Field,fblaschek6a
228,Stevie,sdevonside6b
229,Wye,wfiney6c
230,Rochester,rdowdam6d
231,Cy,cdunbar6e
232,Galvin,gcotman6f
233,Joyann,jlohan6g
234,Hana,hsoame6h
235,Tadd,tdeblase6i
236,Morris,mkyle6j
237,Batholomew,bwraith6k
238,Timotheus,tgavey6l
239,Curr,cpeete6m
240,Gabby,gcabena6n
241,Olvan,ofritschmann6o
242,Husain,hfoulis6p
243,Boot,bbaitson6q
244,Esteban,eamer6r
245,Myrwyn,mvanhaeften6s
246,Philipa,pspennock6t
247,Kelley,kdoelle6u
248,Wiatt,wdibdall6v
249,Thorin,ttokley6w
250,Rowland,rwhatman6x
251,Clarey,ccrimmins6y
252,Nikolos,nbrimicombe6z
253,Tad,tcrocetti70
254,Judith,jkarlolczak71
255,Stephen,stoleman72
256,Justin,jnavaro73
257,Alison,agrayson74
258,Anastasia,awones75
259,Glynis,gwerndly76
260,Alfons,aseymer77
261,Alyda,adressel78
262,Justinian,jlangthorn79
263,Stacee,sgrinsdale7a
264,Kyrstin,kfaldo7b
265,Viki,vcoldridge7c
266,Elnore,eugoletti7d
267,Gerri,gbroad7e
268,Sharyl,sgreystock7f
269,Shanie,smccraine7g
270,Carol-jean,cshackell7h
271,Odelle,obrandts7i
272,Salomo,syakebovich7j
273,Axel,aartois7k
274,Paton,pduckels7l
275,Alayne,aboyle7m
276,Marcellina,mgrinham7n
277,Emelia,eproger7o
278,Klarika,kleglise7p
279,Judy,jlamort7q
280,Angelico,asobieski7r
281,Ethelin,echildrens7s
282,Willi,wluckman7t
283,Trey,tocrevan7u
284,Rosamund,rferrini7v
285,Erv,elangford7w
286,Boyce,bdivina7x
287,Brigg,bcastles7y
288,Geri,gband7z
289,Gian,gconochie80
290,Edita,eoleszkiewicz81
291,Clemmie,cinott82
292,Matthus,mlimpkin83
293,Grenville,gprosek84
294,Candis,chadgkiss85
295,Germana,gvost86
296,Phoebe,pmcilwrick87
297,Hashim,hedmund88
298,Ashley,awharton89
299,Myra,mabramski8a
300,Wendell,wness8b
301,Ainsley,acavil8c
302,Holt,hslyne8d
303,Eddy,emewes8e
304,Giovanni,gbogeys8f
305,Kelby,kkohnen8g
306,Shelli,sdewdney8h
307,North,nkeaves8i
308,Terrye,tclose8j
309,Amory,aderill8k
310,Genevieve,gmalia8l
311,Derron,dstendall8m
312,Kriste,ktapscott8n
313,Ramona,rpydcock8o
314,Gradeigh,gbucktrout8p
315,Allen,alomaz8q
316,Odo,oreardon8r
317,Giffy,gdurnian8s
318,Charlotta,cfechnie8t
319,Yvon,ymontier8u
320,Jackquelin,jocleary8v
321,Conroy,cdebrett8w
322,Maryl,mpelos8x
323,Maryrose,meixenberger8y
324,Trescha,tswatten8z
325,Flossie,fhackford90
326,Gasper,gclearie91
327,Marita,mmerck92
328,Reuven,rhinrich93
329,Geno,ggaffney94
330,Catherin,cburdoun95
331,Trenna,tmccullouch96
332,Elicia,ebransom97
333,Donnamarie,dmersey98
334,Yorgo,yaluard99
335,Rustin,rpeterkin9a
336,Basil,bcurme9b
337,Fenelia,fcaraher9c
338,Celinda,cransfield9d
339,Ardine,avockings9e
340,Randall,rwinwood9f
341,Moyna,mbroadbridge9g
342,Lida,lfarleigh9h
343,Torry,tkeese9i
344,Corny,cjex9j
345,Carmelita,crowswell9k
346,Drusie,dbluck9l
347,Mattheus,mdalzell9m
348,Monica,mgravet9n
349,Erastus,estobbe9o
350,Toma,tbrislan9p
351,Tiphani,tgoudy9q
352,Darnell,ddragoe9r
353,Avictor,abradwell9s
354,Dionysus,dseivertsen9t
355,Cornie,csudell9u
356,Sly,sslafford9v
357,Pennie,pmcvaugh9w
358,Charlie,cgatfield9x
359,Sam,sedinborough9y
360,Danell,dlaxen9z
361,Nichols,nladburya0
362,Berni,bgladwella1
363,Bibby,blivingstonea2
364,Bernie,bwenningtona3
365,Rodrigo,rkleinsmuntza4
366,Evangeline,eshackesbya5
367,Vassily,vwadea6
368,Ianthe,imargetsona7
369,Adey,ahordlea8
370,Delphine,ddownhama9
371,Heywood,hknowleraa
372,Trescha,tantonioniab
373,Alika,aelfordac
374,Norton,nmakinsonad
375,Timmy,taslettae
376,Nickolaus,npilfoldaf
377,Evangelia,etravissag
378,Rice,rplaskettah
379,Nathaniel,nseamonai
380,Bret,bmagogaj
381,Vernor,vmeggisonak
382,Gerrie,gdenisovichal
383,Leonore,lconigsbyam
384,Brinn,bsimoncelloan
385,Gothart,gfideleao
386,Eddi,ekitcherap
387,Dion,dchaddockaq
388,Shane,smcgeeverar
389,Eba,ecraineas
390,Lyssa,lsmetounat
391,Gunner,gkusickau
392,Thadeus,tlongfootav
393,Rodge,rmetzkeaw
394,Sherwin,sbretelleax
395,Marney,mlilloeay
396,Ritchie,rchaimaz
397,Billye,btunesib0
398,Flynn,fkippinb1
399,Skelly,smcevoyb2
400,Gwendolen,gavannb3
401,Celinda,cferreab4
402,Prince,pcroisierb5
403,Hieronymus,hpetryb6
404,Darryl,dsailorb7
405,Jeremiah,jmcmurrayb8
406,Krista,kbratchb9
407,Orrin,omalloyba
408,Alexandre,aturfittbb
409,Susanna,sgillimghambc
410,Emalia,ehutsonbd
411,Kathlin,kortabe
412,Melina,mtungaybf
413,Sherman,skaleybg
414,Alexina,awescottbh
415,Grantley,gkingsbi
416,Ryan,rstrettellbj
417,Reuben,rjellbk
418,Junina,jcusickbl
419,Tann,tsmorfitbm
420,Bryon,bdymottbn
421,Greer,ghebbronbo
422,Chickie,ccozzibp
423,Rodi,rvidineevbq
424,Gray,gmontacutebr
425,Ezri,egundrybs
426,Billie,bmackrillbt
427,Boonie,bmontierbu
428,Forbes,fhackletonbv
429,Jillana,jwatersbw
430,Fayina,follinbx
431,Thorndike,tyarrallby
432,Olvan,ohyldenbz
433,Goldi,gmahoodc0
434,Trumann,tstroderc1
435,Happy,hstubbleyc2
436,Tarrance,twinslettc3
437,Emili,elemonnierc4
438,Valma,vditterc5
439,Antonio,avostc6
440,Tillie,tfaiersc7
441,Chaddie,cmatskivc8
442,Bunni,bgroobyc9
443,Nadeen,nconnickca
444,Emile,ebackencb
445,Merrel,mmacdonellcc
446,Ursuline,umcphatercd
447,Darin,dblaisdellce
448,Essie,emarkhamcf
449,Matias,mbeddiscg
450,Laure,lvalentettich
451,Gabriellia,gtejadaci
452,Cecily,cotimonycj
453,Killie,kabramcikck
454,Blane,bgurleycl
455,Marten,mevecm
456,Edouard,ethelwllcn
457,Barde,bewartco
458,Ellynn,escarecp
459,Calley,cwillesoncq
460,Jennette,jitzhayekcr
461,Rorke,rimlencs
462,Red,rrosiect
463,Andrus,acharercu
464,Lamont,lforrestillcv
465,Byram,bgoingcw
466,Gil,gnieldcx
467,Gunilla,gheaneycy
468,Roxanne,rjosecz
469,Wilek,wvedeneevd0
470,Becka,bbakhrushkind1
471,Bartie,bshallikerd2
472,Suzette,srhuled3
473,Mahala,mmurtd4
474,Karlan,kthameltd5
475,Yurik,ytrumperd6
476,Vivi,vhiblingd7
477,Kalinda,kkensalld8
478,Kerk,kmcgannond9
479,Hollie,hbettlesda
480,Shelley,splesingdb
481,Linnea,llattimoredc
482,Gonzales,gormistondd
483,Gratia,ggawende
484,Calida,ceboralldf
485,Arlin,acrummeydg
486,Frasier,fmyriedh
487,Lorry,lgookdi
488,Otha,ohyndmandj
489,Tim,tklimpkedk
490,Kellsie,kgiacubbodl
491,Lynnett,lmechemdm
492,Gilligan,glodewickdn
493,Frasco,ferrattdo
494,Edgardo,ewalentynowiczdp
495,Borden,bwawerdq
496,Kasper,kgartandr
497,Donavon,dgeertsends
498,Leona,llaffertydt
499,Fitz,fegerdu
500,Querida,qmaskewdv
501,Matti,mvolagedw
502,Andris,akittlesdx
503,Con,cpenleydy
504,Lind,lbraganzadz
505,Sinclair,sshalle0
506,Artur,abillingse1
507,Alla,abasindalee2
508,Genevra,ggueinne3
509,Jody,jblythee4
510,Nicola,nbindene5
511,Silvanus,smossope6
512,Raeann,rwintertone7
513,Melissa,mriccardie8
514,Brooks,brochewelle9
515,Reilly,rrosea
516,Jenilee,jharcombeeb
517,Lothaire,lcreweec
518,Hyman,hthomssoned
519,Ellery,egarleeee
520,Sheila,smcconwayef
521,Barbee,bgolledgeeg
522,Dody,dnottrameh
523,Adelice,afaddenei
524,Loy,lpurkessej
525,Roseline,ribotsonek
526,Reagan,rdumingoel
527,Charmian,carnaudetem
528,Lydon,lelgooden
529,Grata,gbaigrieeo
530,Irina,igadaultep
531,Julianna,jecclesalleq
532,Bobbi,bhammonder
533,Lou,lhealinges
534,Amaleta,aemanuelet
535,Annnora,aderxeu
536,Benito,bheintzev
537,Romy,rmebiusew
538,Maisey,mnathonex
539,Osbourne,omacelaneey
540,Kit,kgooddingez
541,Chaddie,couthwaitef0
542,Karla,klothlorienf1
543,Tabbitha,tpoutressf2
544,Wake,wmattusovf3
545,Pauly,proccof4
546,Issy,icaigerf5
547,Gisela,ggerlingf6
548,Marmaduke,mcatonnef7
549,Gayleen,ggillf8
550,Stormi,storelf9
551,Harlen,hcookfa
552,Simonette,sknivettfb
553,Dianemarie,dboolerfc
554,Aggie,apotefd
555,Constantino,cmoncrieffefe
556,Alfi,amcgarrahanff
557,Pennie,pcanafg
558,Adelind,amoodeyfh
559,Corilla,cenrricofi
560,Neile,nwonhamfj
561,Casey,cjoliffefk
562,Tanitansy,tmulrenanfl
563,Curt,cbenduhnfm
564,Ada,atyronefn
565,Henrietta,hgaskarthfo
566,Randie,rbrocklebankfp
567,Osborne,okilbournefq
568,Georgia,glamacraftfr
569,Jamie,jreastfs
570,Dolf,dmuffinft
571,Thomasa,tsandbatchfu
572,Lavena,lgilpillanfv
573,Lorilyn,lmorsefw
574,Logan,lelcouxfx
575,Arther,ahutonfy
576,Pooh,pbezzantfz
577,Lenee,lkerig0
578,Kenyon,kgittingsg1
579,Moyra,mdabellg2
580,Sinclare,sbagworthg3
581,Lucia,lostickg4
582,Hulda,hmatysikg5
583,Dalia,dgraalmansg6
584,Antone,atwitchingsg7
585,Winnifred,wpoleykettg8
586,Marmaduke,msherlockg9
587,Humfried,hhuckerga
588,Emlyn,edeemgb
589,Guillemette,gventrisgc
590,Baxie,bnoellgd
591,Hector,hbeisleyge
592,Tabatha,tkneelgf
593,Meryl,mstanbragg
594,Karlee,kpaulinogh
595,Hillie,hscoulergi
596,Danyette,dalvengj
597,Cordy,ckettoegk
598,Bailie,bwyleygl
599,Dorri,doxburghgm
600,Jodie,jcianign
601,Antoinette,asieghartgo
602,Ely,eroddiegp
603,Arlen,apeyntuegq
604,Emmerich,earchibouldgr
605,Camila,csagergs
606,Corbin,cdotsongt
607,Brennan,bboolegu
608,Karola,kfoldesgv
609,Sharline,sstaiggw
610,Elna,ehurchegx
611,Abbe,ainesongy
612,Tessa,tbriscoegz
613,Sharona,syoudellh0
614,Sylvia,srepperh1
615,Darrelle,driordanh2
616,Elisha,ecoullh3
617,Rosene,rcasserleyh4
618,Parke,pcreavanh5
619,Jeffy,jburdgeh6
620,Janith,jphilippeh7
621,Tremaine,tbroadfieldh8
622,Drucie,dmcquinh9
623,Barbara,blutonha
624,Lucian,lstobbshb
625,Linda,lcolemanhc
626,Celestine,cspybeyhd
627,Alfie,ahawickhe
628,Jayne,jbembrickhf
629,Demott,dpreshawhg
630,Garreth,gelveyhh
631,Aarika,asammarshi
632,Staffard,sdunhj
633,Dania,dgoscombhk
634,Annemarie,aorhtmannhl
635,Linzy,lbiancohm
636,Bryon,bsimmershn
637,Diandra,dplacidiho
638,Mitzi,msutherdenhp
639,Jamey,jcookseyhq
640,Valene,vbavesterhr
641,Devinne,dpowlandhs
642,Drusy,dlittleht
643,Jasmine,jpetriellohu
644,Ermentrude,elermouthhv
645,Sayer,ssheldrakehw
646,Rowe,rdillingstonehx
647,Olivette,ogouckhy
648,Maria,mlangstaffhz
649,Rozanne,rtroweri0
650,Jasmin,jforseyi1
651,Zabrina,zprangleyi2
652,Christyna,clohdei3
653,Pier,psoamesi4
654,Roderigo,rwybrewi5
655,Karoly,khillini6
656,Rafael,rsewardsi7
657,Chloette,cpesseli8
658,Bernadene,bpatronoi9
659,Deonne,ddemongeia
660,Aurlie,awildgooseib
661,Salli,sjohnesic
662,Christoffer,chissettid
663,Ignace,iscouseie
664,Keary,khoyteif
665,Thorvald,twoodyeareig
666,Ibbie,ijessettih
667,Yank,ychalonerii
668,Daron,dgrigorievij
669,Taber,tboysonik
670,Brooks,bmandevilleil
671,Arnoldo,aoillerim
672,Sinclare,sapperleyin
673,Clo,cmacadamio
674,Stella,sthresherip
675,Mandel,mzisnerosiq
676,Marieann,mtrudgianir
677,Christabella,cmelloris
678,Belle,bprobyit
679,Perla,phinrichseniu
680,Jocelyn,jkitchingiv
681,Jared,jreedayiw
682,Kristopher,kcamelinix
683,Doe,djancikiy
684,Giavani,gpattieiz
685,Deloria,dvenessj0
686,Ulric,ukiehlj1
687,Richardo,rarsmithj2
688,Billie,bkilbanj3
689,Werner,wharmstonj4
690,Revkah,rortlerj5
691,Falito,fpylej6
692,Betteann,bpulbrookj7
693,Tammy,tsheberj8
694,Kendal,kyerbornj9
695,Alain,abulleyja
696,Marquita,mmitskevichjb
697,Trudy,twillmentjc
698,Selene,sdallinjd
699,Leelah,lbaptistaje
700,Crysta,cgravettjf
701,Husain,hfibbingsjg
702,Shannon,seberleinjh
703,Spenser,sstanworthji
704,Tova,tlagdenjj
705,Leodora,ldowtyjk
706,Aldis,aballachjl
707,Yank,ywoolerjm
708,Anne-corinne,asegojn
709,Mathilde,mdrinkwaterjo
710,Enrico,eerridgejp
711,Gwyn,golivarijq
712,Henri,hparmbyjr
713,Vick,vbraniganjs
714,Theodor,tmckalljt
715,Tessie,tshelfju
716,Lana,lmcfadejv
717,Katrinka,kbloodworthjw
718,Darda,ddelatremoillejx
719,Alasteir,arayejy
720,Saidee,slingleyjz
721,Bay,bwilcherk0
722,Hayley,hrockhallk1
723,Tom,tgianinottik2
724,Lloyd,lspiritk3
725,Byrle,bpennk4
726,Etienne,ewestwickk5
727,Delphine,dmcguckenk6
728,Emmit,emacourekk7
729,Augustin,ahaydenk8
730,Ingunna,ishowerk9
731,Glad,gfeltoeka
732,Elisabetta,echarleykb
733,Abramo,atotterdellkc
734,Leshia,ltipplekd
735,Cherey,cskulletke
736,Perri,pbroadheadkf
737,Sid,sdowdkg
738,Dugald,dmeyskh
739,Clem,ccraggki
740,Delilah,dbumphrieskj
741,Loren,lpfefflekk
742,Patricia,psaterweytekl
743,Clementius,cmilberrykm
744,Earlie,ehambrickn
745,De witt,dscardko
746,Almire,aolivokp
747,Erasmus,emcmorlandkq
748,Shari,sscroxtonkr
749,Allin,acaseleyks
750,Vail,vdemeltkt
751,Ilse,iromanskiku
752,Charmane,cwoolardkv
753,Gwenneth,ggrindlaykw
754,Theodor,tacedokx
755,Flore,fnorthamky
756,Raychel,rbarrkz
757,Dody,dchatburnl0
758,Sofia,sleaneyl1
759,Berty,bbarouxl2
760,Trixie,tdeehanl3
761,Lacie,lmckombl4
762,Gabbie,gspillingl5
763,Abey,abarbiel6
764,Amalea,acenterl7
765,Giustina,gsomersettl8
766,Briant,bmeritl9
767,Nappie,ningremla
768,Alisun,amarusiklb
769,Chick,cgilkeslc
770,Janessa,jvangeffenld
771,Guenevere,gholylandle
772,Orsa,oalpelf
773,Erik,estrodderlg
774,Benny,bmeadenlh
775,Lorain,lgoobleli
776,Melicent,mpeidrolj
777,Rad,rrumenslk
778,Orran,oszymonowiczll
779,Casar,cmagnaylm
780,Marya,mthreadgoldln
781,Luciano,lbaudassilo
782,Braden,bhuitsonlp
783,Ermin,edinninglq
784,Parker,pschuhlr
785,Hazlett,hfriels
786,Meridel,mlearmonthlt
787,Lolly,laxelu
788,Guendolen,gshotboultelv
789,Damien,dciceronelw
790,Shalne,sbrimblecomblx
791,Maribelle,mcaccavarily
792,Colleen,cworthinglz
793,Dodie,dbowem0
794,Devondra,dsenechaultm1
795,Starr,sshackesbym2
796,Sondra,scollinsonm3
797,Lane,lcampem4
798,Ernestine,echurchwardm5
799,Silva,sbellm6
800,Ardella,apeetm7
801,Robbin,rmoverleym8
802,Haskel,hdemariam9
803,Prince,ptatlowema
804,Kristyn,klaugharnemb
805,Tabbatha,tcharlomc
806,Jerry,jrankenmd
807,Sarge,sbrezlawme
808,Meredith,mmacgianymf
809,Doralia,dpichanmg
810,Stern,sshepcuttmh
811,Tandi,tjannexmi
812,Ruth,rcowtonmj
813,Simonette,snilgesmk
814,Alanna,acallenderml
815,Vikki,vlinnemannmm
816,Chaddie,crashermn
817,Emelyne,elaxtonmo
818,Benton,blegganmp
819,Duff,dshafemq
820,Robb,rshergillmr
821,Anissa,arozanskims
822,Antonio,awalsommt
823,Amargo,awardenmu
824,Oralee,ouwinsmv
825,Gayle,gainsworthmw
826,Kassey,kdaenenmx
827,Corey,cswindinmy
828,Carson,clanglaismz
829,Jacquelynn,jlostyn0
830,Adore,adarintonn1
831,Sheppard,scaccavellan2
832,Courtney,cdwellyn3
833,Leonanie,lurvoyn4
834,Even,elosseljongn5
835,Fran,fcashamn6
836,Gwenny,gapfelmannn7
837,Umeko,ushellshearn8
838,Rance,rsowerbuttsn9
839,Catlaina,ccansdellna
840,Callean,cthakenb
841,Morgen,mdraijernc
842,Loren,lbyforthnd
843,Benedikt,bremonne
844,Kandace,kdrachenf
845,Carin,cphilong
846,Aindrea,aluesleynh
847,Godart,gklimkovichni
848,Skipper,ssummerskillnj
849,Ortensia,omckaguenk
850,Lettie,lbodycombnl
851,Colly,cwatkinsonnm
852,Linoel,lcoffeltnn
853,Gates,glilloeno
854,Gilberte,gisittnp
855,Miguelita,motternq
856,Ronald,rsprakenr
857,Jabez,jduckns
858,Pamella,ppheasantnt
859,Kirstyn,kborgnetnu
860,Concordia,cfugglesnv
861,Edmund,evanderhoevennw
862,Marcela,mbaltrushaitisnx
863,Giulietta,gprettymanny
864,Elbert,ehayesnz
865,Giacinta,ggouldeno0
866,Maura,mlanphereo1
867,Giacinta,gmcarthuro2
868,Duane,darmano3
869,Cloe,cmaunderso4
870,Emily,eeringeyo5
871,Terence,telderbranto6
872,Nil,nbonafacinoo7
873,Skell,schealo8
874,Winne,wstapellso9
875,Alis,aparkinoa
876,Gennifer,gdeanesyob
877,Michal,mgrattageoc
878,Rafe,rperkinod
879,Jerrine,jguyveroe
880,Cinnamon,coxleeof
881,Maddi,mmurneyog
882,Mariska,mocorrinoh
883,Bartholomeo,bpapierzoi
884,Beth,bcockayneoj
885,Cathrin,cbuesnelok
886,Agna,askippingol
887,Catlaina,cyoudom
888,Catlin,cdorsayon
889,Allx,aleonidaoo
890,Cedric,cserrelsop
891,Marget,mbroodoq
892,Anne-corinne,asodoror
893,Livia,ltschierschos
894,Layton,lgoldupot
895,Belvia,braineyou
896,Doralin,dmacbeyov
897,Tamra,tkarpfenow
898,Baron,brennebachox
899,Imogene,iokioy
900,Oates,otenwickoz
901,Koralle,ktregustp0
902,Ogdon,odakhnop1
903,Carlin,ctidcombp2
904,Juliet,jmounsiep3
905,Rock,rciceronep4
906,Sal,sgreggorp5
907,Lyndsey,ldombrellp6
908,Mari,mschopsp7
909,Kettie,keverlyp8
910,Levon,lbraveryp9
911,Francis,foflannerypa
912,Larine,lwrinchpb
913,Livy,lbaconpc
914,Cammi,cbrahmpd
915,Boy,bgregoripe
916,Brose,bkattepf
917,Shaughn,slippittpg
918,Herschel,hminthorpeph
919,Layney,lpibsworthpi
920,Ad,amccombpj
921,Rubia,rmacellarpk
922,Malcolm,mellamspl
923,Dame,dbeckittpm
924,Onida,owarmishampn
925,Jacquetta,jjothampo
926,Rodrique,rcraykpp
927,Lee,lcavilpq
928,Millicent,mfromepr
929,Tallia,tprestlandps
930,Aline,alocardpt
931,Lenora,ltrusslovepu
932,Urban,ucalveypv
933,Bobbie,bfluinpw
934,Turner,thollingbypx
935,Sande,sbatsonpy
936,Alejandrina,akelbermanpz
937,Bert,bserjentq0
938,Ryon,rfippq1
939,Verna,vworganq2
940,Anica,aswiffinq3
941,Camella,ccarnsonq4
942,Son,swalkdenq5
943,Latisha,lbrigstockq6
944,Davidson,deastwayq7
945,Abra,ajakubowskiq8
946,Marjie,mcissonq9
947,Candy,csawartqa
948,Belia,bsirrellqb
949,Aaron,aclemmowqc
950,Sebastien,ssummerillqd
951,Giorgia,ggorickeqe
952,Dehlia,dcrowhurstqf
953,Jenifer,jvanshinqg
954,Ethelbert,elippielloqh
955,Alli,agiacomelloqi
956,Nina,nshelleyqj
957,Brendan,bmanifieldqk
958,Ruthi,rstachiniql
959,Janene,jiggaldenqm
960,Natalina,nunderwoodqn
961,Rowland,rfrigoutqo
962,Corty,cindgeqp
963,Tomasine,tmcwilliamsqq
964,Giselle,gkollaschekqr
965,Minor,mtringqs
966,Liam,ldupreyqt
967,Zsazsa,zdefewqu
968,Bil,bmckeandqv
969,Valli,vhogsdenqw
970,Ted,thinderqx
971,Dahlia,ddeinhardtqy
972,Gerek,gpearleqz
973,Donica,dpetronisr0
974,Aindrea,acoddingtonr1
975,Torrin,tcleimentr2
976,Gawen,glippr3
977,Leo,lpieterr4
978,Sofie,sthornborrowr5
979,Leanora,lcolbertr6
980,Kellie,kcleallr7
981,Hercule,hleithgoer8
982,Charlena,cvazquezr9
983,Beverlee,bcoulingra
984,Brok,bpankethrb
985,Elianora,eguillilandrc
986,Rosabel,rludyerd
987,Natalya,nelfere
988,Duff,dupfoldrf
989,Patrizia,plautierg
990,Eugine,emorecombrh
991,Olimpia,ostruttri
992,Burnard,bmainstonerj
993,Hew,hvizorrk
994,Darla,drummerrl
995,Jed,jsjostromrm
996,Candra,cemmetrn
997,Shir,svautreyro
998,Manya,mannesleyrp
999,Devland,dlackingtonrq
1000,Grady,guglowrr
